{
    "OOP": {
        "pass@1": 0.5733333333333333,
        "pass@5": 0.7818181818181817
    }
}