{
    "OOP": {
        "pass@1": 0.2698375870069606,
        "pass@2": 0.31626707914410934,
        "pass@5": 0.3776102088167053,
        "pass@10": 0.4222737819025522
    }
}